Experience (Years),Predicted Salary
0,16610.820916191202
11,92906.63324655182
100,710209.1148285605
Intercept,16610.820916191202
Slope,6935.982939123693
Model prediction for 11 years,92906.63324655182
